{"actionName":"Past Move","action":"Move","actionParameter":{"x":-0.22536468505859376,"y":-8.40256575429521e-9,"z":1.070486068725586},"agentPosition":{"x":3.7468960285186769,"y":0.16260632872581483,"z":-10.611509323120118},"ballPosition":{"x":0.0,"y":0.7199999690055847,"z":6.73677291729291e-8},"teampos1":{"x":14.28499698638916,"y":0.16252872347831727,"z":-10.651239395141602},"teampos2":{"x":-4.353172779083252,"y":0.1626584380865097,"z":-10.584829330444336},"oppopos1":{"x":-5.67434024810791,"y":0.1833319365978241,"z":23.4943904876709},"oppopos2":{"x":17.12852668762207,"y":0.1833319365978241,"z":20.97752571105957},"oppopos3":{"x":10.852067947387696,"y":0.1833319365978241,"z":8.335488319396973},"ballPossessed":false,"teamWithBall":"None","strategy":"7","reward":0.0}