{"actionName":"Past Move","action":"Move","actionParameter":{"x":11.214032173156739,"y":3.9579197164130166e-7,"z":-2.320143699645996},"agentPosition":{"x":13.916849136352539,"y":0.163941890001297,"z":-9.92770767211914},"ballPosition":{"x":-1.4853060115171957e-8,"y":0.7199999690055847,"z":8.808749640820679e-8},"teampos1":{"x":3.476594924926758,"y":0.1641014665365219,"z":-9.845995903015137},"teampos2":{"x":-4.210021495819092,"y":0.16421836614608766,"z":-9.786148071289063},"oppopos1":{"x":-5.423434734344482,"y":0.1833319365978241,"z":24.26649284362793},"oppopos2":{"x":16.604297637939454,"y":0.1833319365978241,"z":21.597414016723634},"oppopos3":{"x":10.076065063476563,"y":0.1833319365978241,"z":8.09697151184082},"ballPossessed":false,"teamWithBall":"None","strategy":"1","reward":0.0}#SAVE-VALUE#{"actionName":"Past Move","action":"Move","actionParameter":{"x":-8.275181770324707,"y":3.589144057514204e-7,"z":-2.0107922554016115},"agentPosition":{"x":-4.210021495819092,"y":0.16421836614608766,"z":-9.786148071289063},"ballPosition":{"x":-1.4853060115171957e-8,"y":0.7199999690055847,"z":8.808749640820679e-8},"teampos1":{"x":3.476594924926758,"y":0.1641014665365219,"z":-9.845995903015137},"teampos2":{"x":13.916849136352539,"y":0.163941890001297,"z":-9.92770767211914},"oppopos1":{"x":-5.423434734344482,"y":0.1833319365978241,"z":24.26649284362793},"oppopos2":{"x":16.604297637939454,"y":0.1833319365978241,"z":21.597414016723634},"oppopos3":{"x":10.076065063476563,"y":0.1833319365978241,"z":8.09697151184082},"ballPossessed":false,"teamWithBall":"None","strategy":"1","reward":0.0}#SAVE-VALUE#{"actionName":"Past Move","action":"Move","actionParameter":{"x":0.5413672924041748,"y":-6.517913675452292e-8,"z":1.5467625856399537},"agentPosition":{"x":3.476594924926758,"y":0.1641014665365219,"z":-9.845995903015137},"ballPosition":{"x":-1.4853060115171957e-8,"y":0.7199999690055847,"z":8.808749640820679e-8},"teampos1":{"x":13.916849136352539,"y":0.163941890001297,"z":-9.92770767211914},"teampos2":{"x":-4.210021495819092,"y":0.16421836614608766,"z":-9.786148071289063},"oppopos1":{"x":-5.423434734344482,"y":0.1833319365978241,"z":24.26649284362793},"oppopos2":{"x":16.604297637939454,"y":0.1833319365978241,"z":21.597414016723634},"oppopos3":{"x":10.076065063476563,"y":0.1833319365978241,"z":8.09697151184082},"ballPossessed":false,"teamWithBall":"None","strategy":"1","reward":0.0}#SAVE-VALUE#{"actionName":"Past Move","action":"Move","actionParameter":{"x":11.678061485290528,"y":1.0,"z":1.8561196327209473},"agentPosition":{"x":11.735621452331543,"y":0.1754615306854248,"z":-4.029653072357178},"ballPosition":{"x":-1.4853060115171957e-8,"y":0.7199999690055847,"z":8.808749640820679e-8},"teampos1":{"x":2.0163004398345949,"y":0.17577135562896729,"z":-3.8710131645202638},"teampos2":{"x":-5.613076686859131,"y":0.17416059970855714,"z":-4.695731163024902},"oppopos1":{"x":-4.210155487060547,"y":0.1833319365978241,"z":28.0},"oppopos2":{"x":12.489862442016602,"y":0.1833319365978241,"z":26.46272850036621},"oppopos3":{"x":4.376858234405518,"y":0.1833319365978241,"z":6.0060038566589359},"ballPossessed":false,"teamWithBall":"None","strategy":"NoStrategy","reward":0.0}#SAVE-VALUE#{"actionName":"Past Move","action":"Move","actionParameter":{"x":1.1600730419158936,"y":1.1920930376163597e-7,"z":1.4210854715202005e-14},"agentPosition":{"x":3.6226305961608888,"y":0.16329368948936463,"z":-10.2595796585083},"ballPosition":{"x":0.0,"y":0.7199999690055847,"z":1.1036823366339377e-7},"teampos1":{"x":14.11412525177002,"y":0.1631767898797989,"z":-10.319435119628907},"teampos2":{"x":-4.279849052429199,"y":0.16337290406227113,"z":-10.219017028808594},"oppopos1":{"x":-5.558990955352783,"y":0.1833319365978241,"z":23.849355697631837},"oppopos2":{"x":16.887527465820314,"y":0.1833319365978241,"z":21.262500762939454},"oppopos3":{"x":10.495319366455079,"y":0.1833319365978241,"z":8.22583293914795},"ballPossessed":false,"teamWithBall":"None","strategy":"2","reward":0.0}#SAVE-VALUE#{"actionName":"Past Move","action":"Move","actionParameter":{"x":-10.904683113098145,"y":8.383245813092799e-7,"z":-6.032377243041992},"agentPosition":{"x":-4.279849052429199,"y":0.16337290406227113,"z":-10.219017028808594},"ballPosition":{"x":0.0,"y":0.7199999690055847,"z":1.1036823366339377e-7},"teampos1":{"x":3.6226305961608888,"y":0.16329368948936463,"z":-10.2595796585083},"teampos2":{"x":14.11412525177002,"y":0.1631767898797989,"z":-10.319435119628907},"oppopos1":{"x":-5.558990955352783,"y":0.1833319365978241,"z":23.849355697631837},"oppopos2":{"x":16.887527465820314,"y":0.1833319365978241,"z":21.262500762939454},"oppopos3":{"x":10.495319366455079,"y":0.1833319365978241,"z":8.22583293914795},"ballPossessed":false,"teamWithBall":"None","strategy":"2","reward":0.0}#SAVE-VALUE#{"actionName":"Past Move","action":"Move","actionParameter":{"x":-3.170863151550293,"y":5.986194651086407e-7,"z":-4.021584510803223},"agentPosition":{"x":-4.197803497314453,"y":0.16425955295562745,"z":-9.765055656433106},"ballPosition":{"x":0.0,"y":0.7199999690055847,"z":1.1036823366339377e-7},"teampos1":{"x":3.4688849449157717,"y":0.1641441136598587,"z":-9.824161529541016},"teampos2":{"x":13.904582023620606,"y":0.1639803946018219,"z":-9.907984733581543},"oppopos1":{"x":-5.416277885437012,"y":0.1833319365978241,"z":24.28851318359375},"oppopos2":{"x":16.589351654052736,"y":0.1833319365978241,"z":21.615087509155275},"oppopos3":{"x":10.053936004638672,"y":0.1833319365978241,"z":8.090170860290528},"ballPossessed":false,"teamWithBall":"None","strategy":"2","reward":0.0}#SAVE-VALUE#{"actionName":"Past Move","action":"Move","actionParameter":{"x":0.6960443258285523,"y":1.0,"z":0.7733812928199768},"agentPosition":{"x":-3.542306423187256,"y":0.17193913459777833,"z":-5.833121299743652},"ballPosition":{"x":0.0,"y":0.7199999690055847,"z":1.1036823366339377e-7},"teampos1":{"x":2.3169450759887697,"y":0.17167195677757264,"z":-5.969907283782959},"teampos2":{"x":12.339496612548829,"y":0.1712052822113037,"z":-6.208853244781494},"oppopos1":{"x":-4.356181621551514,"y":0.1833319365978241,"z":27.550649642944337},"oppopos2":{"x":13.973800659179688,"y":0.1833319365978241,"z":24.707977294921876},"oppopos3":{"x":6.200869083404541,"y":0.1833319365978241,"z":6.907546043395996},"ballPossessed":false,"teamWithBall":"None","strategy":"NoStrategy","reward":0.0}#SAVE-VALUE#{"actionName":"Past Move","action":"Move","actionParameter":{"x":-11.059358596801758,"y":-0.0000029232012366264827,"z":25.52159309387207},"agentPosition":{"x":-5.1530890464782719,"y":0.1833319365978241,"z":15.175220489501954},"ballPosition":{"x":-12.855560302734375,"y":1.1833319664001465,"z":6.973090648651123},"teampos1":{"x":2.3509535789489748,"y":0.1833319365978241,"z":22.839693069458009},"teampos2":{"x":-12.228719711303711,"y":0.1833319365978241,"z":8.390684127807618},"oppopos1":{"x":-4.210155487060547,"y":0.1833319365978241,"z":28.0},"oppopos2":{"x":11.189844131469727,"y":0.1833319365978241,"z":28.0},"oppopos3":{"x":-9.797510147094727,"y":0.1833319365978241,"z":8.970576286315918},"ballPossessed":true,"teamWithBall":"purpleAgent","strategy":"3","reward":0.0}#SAVE-VALUE#{"actionName":"Past Move","action":"Move","actionParameter":{"x":-17.555763244628908,"y":-0.0000016693591078364989,"z":15.00360107421875},"agentPosition":{"x":-12.228719711303711,"y":0.1833319365978241,"z":8.390684127807618},"ballPosition":{"x":-12.855560302734375,"y":1.1833319664001465,"z":6.973090648651123},"teampos1":{"x":-5.1530890464782719,"y":0.1833319365978241,"z":15.175220489501954},"teampos2":{"x":2.3509535789489748,"y":0.1833319365978241,"z":22.839693069458009},"oppopos1":{"x":-4.210155487060547,"y":0.1833319365978241,"z":28.0},"oppopos2":{"x":11.189844131469727,"y":0.1833319365978241,"z":28.0},"oppopos3":{"x":-9.797510147094727,"y":0.1833319365978241,"z":8.970576286315918},"ballPossessed":true,"teamWithBall":"purpleAgent","strategy":"3","reward":0.0}#SAVE-VALUE#{"actionName":"Past Kick","action":"Kick","actionParameter":{"x":-14.307564735412598,"y":1.0,