{"actionName":"Past Move","action":"Move","actionParameter":{"x":-15.353734016418457,"y":-9.413419093107223e-7,"z":8.896549224853516},"agentPosition":{"x":-9.51427936553955,"y":0.1833319365978241,"z":9.002501487731934},"ballPosition":{"x":-12.084019660949707,"y":0.7199999094009399,"z":8.832077980041504},"teampos1":{"x":-0.7004098296165466,"y":0.1833319365978241,"z":2.5191640853881838},"teampos2":{"x":6.1448187828063969,"y":0.1833319365978241,"z":14.98957633972168},"oppopos1":{"x":-4.210155487060547,"y":0.1833319365978241,"z":28.0},"oppopos2":{"x":11.189844131469727,"y":0.1833319365978241,"z":28.0},"oppopos3":{"x":-5.8966193199157719,"y":0.1833319365978241,"z":1.5792810916900635},"ballPossessed":false,"teamWithBall":"None","strategy":"","reward":0.0}#SAVE-VALUE#{"actionName":"Past Move","action":"Move","actionParameter":{"x":-18.98888397216797,"y":1.0,"z":27.83760643005371},"agentPosition":{"x":-14.955748558044434,"y":0.1833319365978241,"z":8.83577823638916},"ballPosition":{"x":-13.944243431091309,"y":0.7199993133544922,"z":10.273555755615235},"teampos1":{"x":-2.272874355316162,"y":0.1833319365978241,"z":9.405223846435547},"teampos2":{"x":3.9271790981292726,"y":0.1833319365978241,"z":22.23604393005371},"oppopos1":{"x":-4.210155487060547,"y":0.1833319365978241,"z":28.0},"oppopos2":{"x":11.189844131469727,"y":0.1833319365978241,"z":28.0},"oppopos3":{"x":-9.362698554992676,"y":0.1833319365978241,"z":6.855641841888428},"ballPossessed":false,"teamWithBall":"None","strategy":"NoStrategy","reward":0.0}#SAVE-VALUE#{"actionName":"Past Move","action":"Move","actionParameter":{"x":-9.422698020935059,"y":1.0,"z":41.99557113647461},"agentPosition":{"x":-17.468915939331056,"y":0.1833319365978241,"z":25.96444320678711},"ballPosition":{"x":-18.331819534301759,"y":1.1833319664001465,"z":27.252037048339845},"teampos1":{"x":-0.8960169553756714,"y":0.1833319365978241,"z":33.87314224243164},"teampos2":{"x":3.6436145305633547,"y":0.1833319365978241,"z":38.15305709838867},"oppopos1":{"x":-18.290781021118165,"y":0.1833319365978241,"z":28.698137283325197},"oppopos2":{"x":11.189844131469727,"y":0.1833319365978241,"z":28.0},"oppopos3":{"x":-18.233055114746095,"y":0.1833319365978241,"z":21.233736038208009},"ballPossessed":true,"teamWithBall":"purpleAgent","strategy":"NoStrategy","reward":0.0}#SAVE-VALUE#{"actionName":"Past Kick","action":"Kick","actionParameter":{"x":-3.7786426544189455,"y":1.0,"z":46.300350189208987},"agentPosition":{"x":-9.650128364562989,"y":0.1833319365978241,"z":41.8433837890625},"ballPosition":{"x":-8.37181282043457,"y":1.1833319664001465,"z":42.719974517822269},"teampos1":{"x":4.199999809265137,"y":0.1833319365978241,"z":40.70000076293945},"teampos2":{"x":7.199999809265137,"y":0.1833319365978241,"z":42.70000076293945},"oppopos1":{"x":-11.060511589050293,"y":0.1833319365978241,"z":45.881919860839847},"oppopos2":{"x":11.189844131469727,"y":0.1833319365978241,"z":28.0},"oppopos3":{"x":-10.337254524230957,"y":0.1833319365978241,"z":39.04676818847656},"ballPossessed":false,"teamWithBall":"None","strategy":"NoStrategy","reward":0.0}#SAVE-VALUE#{"actionName":"Past Move","action":"Move","actionParameter":{"x":-1.291434645652771,"y":0.000002970155037473887,"z":-23.915470123291017},"agentPosition":{"x":4.929627418518066,"y":0.1833319365978241,"z":27.16720199584961},"ballPosition":{"x":3.670802116394043,"y":1.1833319664001465,"z":22.085039138793947},"teampos1":{"x":12.136496543884278,"y":0.1833319365978241,"z":38.32651138305664},"teampos2":{"x":-3.286457061767578,"y":0.1833319365978241,"z":41.430423736572269},"oppopos1":{"x":-3.1625871658325197,"y":0.1833319365978241,"z":35.729393005371097},"oppopos2":{"x":10.837499618530274,"y":0.1833319365978241,"z":35.642669677734378},"oppopos3":{"x":3.746155261993408,"y":0.1833319365978241,"z":23.633207321166993},"ballPossessed":true,"teamWithBall":"blueAgent","strategy":"","reward":0.0}#SAVE-VALUE#{"actionName":"Past Move","action":"Move","actionParameter":{"x":1.961069941520691,"y":1.0,"z":-42.37820816040039},"agentPosition":{"x":-1.0700644254684449,"y":0.13896629214286805,"z":-22.7152042388916},"ballPosition":{"x":7.563791275024414,"y":1.1833319664001465,"z":25.379791259765626},"teampos1":{"x":9.413432121276856,"y":0.1833319365978241,"z":18.06282615661621},"teampos2":{"x":2.001330852508545,"y":0.1833319365978241,"z":12.788446426391602},"oppopos1":{"x":5.968286037445068,"y":0.1833319365978241,"z":30.918283462524415},"oppopos2":{"x":9.08165454864502,"y":0.1833319365978241,"z":25.693782806396486},"oppopos3":{"x":5.685820579528809,"y":0.1833319365978241,"z":21.43422508239746},"ballPossessed":true,"teamWithBall":"blueAgent","strategy":"NoStrategy","reward":0.0}#SAVE-VALUE#{"actionName":"Past Move","action":"Move","actionParameter":{"x":9.901004791259766,"y":1.0,"z":-35.107906341552737},"agentPosition":{"x":1.67795729637146,"y":0.1031806692481041,"z":-41.03743362426758},"ballPosition":{"x":-5.405765056610107,"y":1.1833319664001465,"z":16.103702545166017},"teampos1":{"x":8.286063194274903,"y":0.1833319365978241,"z":29.110034942626954},"teampos2":{"x":0.9434189200401306,"y":0.1833319365978241,"z":21.17402458190918},"oppopos1":{"x":9.71554946899414,"y":0.1833319365978241,"z":39.0971565246582},"oppopos2":{"x":-3.0243825912475588,"y":0.1833319365978241,"z":21.127622604370118},"oppopos3":{"x":-5.1815409660339359,"y":0.1833319365978241,"z":17.63739776611328},"ballPossessed":true,"teamWithBall":"blueAgent","strategy":"NoStrategy","reward":0.0}#SAVE-VALUE#{"actionName":"Past Move","action":"Move","actionParameter":{"x":-0.4304765462875366,"y":1.0,"z":-51.75307083129883},"agentPosition":{"x":9.332328796386719,"y":0.11289853602647782,"z":-36.0618896484375},"ballPosition":{"x":-4.120333194732666,"y":1.1833319664001465,"z":3.329051971435547},"teampos1":{"x":9.982335090637207,"y":0.1833319365978241,"z":28.744548797607423},"teampos2":{"x":-5.801539897918701,"y":0.1833319365978241,"z":6.909445285797119},"oppopos1":{"x":7.925777912139893,"y":0.1833319365978241,"z":26.924419403076173},"oppopos2":{"x":4.168690204620361,"y":0.1833319365978241,"z":22.21782112121582},"oppopos3":{"x":-4.264217376708984,"y":0.1833319365978241,"z":4.872359275817871},"ballPossessed":true,"teamWithBall":"blueAgent","strategy":"NoStrategy","reward":0.0}#SAVE-VALUE#{"actionName":"Past Move","action":"Move","actionParameter":{"x":-17.171310424804689,"y":-0.000001625568756935536,"z":14.636260986328125},"agentPosition":{"x":-9.341609001159668,"y":0.1833319365978241,"z":8.181046485900879},"ballPosition":{"x":-11.766875267028809,"y":0.7199997901916504,"z":9.075299263000489},"teampos1":{"x":-0.7643700838088989,"y":0.1833319365978241,"z":3.0216686725616457},"teampos2":{"x":6.30372428894043,"y":0.1833319365978241,"z":14.223464965820313},"oppopos1":{"x":-4.210155487060547,"y":0.1833319365978241,"z":28.0},"oppopos2":{"x":11.189844131469727,"y":0.1833319365978241,"z":28.0},"oppopos3":{"x":-6.01309871673584,"y":0.1833319365978241,"z":1.4572043418884278},"ballPossessed":false,"teamWithBall":"None","strategy":"","reward":0.0}#SAVE-VALUE#{"actionName":"Past Move","action":"Move","actionParameter":{"x":-12.48387622833252,"y":1.0,"z":39.79533386230469},"agentPosition":{"x":-16.551504135131837,"y":0.1833319365978241,"z":12.935282707214356},"ballPosition":{"x":-17.320232391357423,"y":1.1833319664001465,"z":14.28122329711914},"teampos1":{"x":-4.539545059204102,"y":0.1833319365978241,"z":13.162626266479493},"teampos2":{"x":2.180917501449585,"y":0.1833319365978241,"z":24.41676139831543},"oppopos1":{"x":-4.266232490539551,"y":0.1833319365978241,"z":27.962890625},"oppopos2":{"x":11.189844131469727,"y":0.1833319365978241,"z":28.0},"oppopos3":{"x":-11.182657241821289,"y":0.1833319365978241,"z":9.849649429321289},"ballPossessed":true,"teamWithBall":"purpleAgent","strategy":"ActiveStrategy","reward":0.0}#SAVE-VALUE#{"actionName":"Past Kick","action":"Kick","actionParameter":{"x":-3.4916584491729738,"y":1.0,"z":44.76975631713867},"agentPosition":{"x":-12.511665344238282,"y":0.1833319365978241,