{"actionName":"Past Move","action":"Move","actionParameter":{"x":-7.170759201049805,"y":-1.2074004018813867e-7,"z":2.01284122467041},"agentPosition":{"x":-4.256075382232666,"y":0.16360881924629212,"z":-10.098227500915528},"ballPosition":{"x":0.0,"y":0.7199999690055847,"z":1.1036823366339377e-7},"teampos1":{"x":3.581609010696411,"y":0.16352058947086335,"z":-10.143404006958008},"teampos2":{"x":14.05781078338623,"y":0.16339078545570374,"z":-10.209863662719727},"oppopos1":{"x":-5.520912170410156,"y":0.1833319365978241,"z":23.966527938842775},"oppopos2":{"x":16.807964324951173,"y":0.1833319365978241,"z":21.356578826904298},"oppopos3":{"x":10.377551078796387,"y":0.1833319365978241,"z":8.189637184143067},"ballPossessed":false,"teamWithBall":"None","strategy":"NoStrategy","reward":0.0}#SAVE-VALUE#{"actionName":"Past Move","action":"Move","actionParameter":{"x":15.725346565246582,"y":-9.074751972093509e-8,"z":1.7612457275390626},"agentPosition":{"x":14.05781078338623,"y":0.16339078545570374,"z":-10.209863662719727},"ballPosition":{"x":0.0,"y":0.7199999690055847,"z":1.1036823366339377e-7},"teampos1":{"x":3.581609010696411,"y":0.16352058947086335,"z":-10.143404006958008},"teampos2":{"x":-4.256075382232666,"y":0.16360881924629212,"z":-10.098227500915528},"oppopos1":{"x":-5.520912170410156,"y":0.1833319365978241,"z":23.966527938842775},"oppopos2":{"x":16.807964324951173,"y":0.1833319365978241,"z":21.356578826904298},"oppopos3":{"x":10.377551078796387,"y":0.1833319365978241,"z":8.189637184143067},"ballPossessed":false,"teamWithBall":"None","strategy":"NoStrategy","reward":0.0}#SAVE-VALUE#{"actionName":"Past Move","action":"Move","actionParameter":{"x":-15.51434326171875,"y":0.000002069020638373331,"z":-16.356204986572267},"agentPosition":{"x":-3.900937080383301,"y":0.1697724163532257,"z":-6.942470073699951},"ballPosition":{"x":0.0,"y":0.7199999690055847,"z":1.1036823366339377e-7},"teampos1":{"x":2.5149035453796388,"y":0.16943219304084779,"z":-7.116665363311768},"teampos2":{"x":12.648523330688477,"y":0.1690182238817215,"z":-7.3286213874816898},"oppopos1":{"x":-4.561392784118652,"y":0.1833319365978241,"z":26.919170379638673},"oppopos2":{"x":14.735562324523926,"y":0.1833319365978241,"z":23.807193756103517},"oppopos3":{"x":7.309773921966553,"y":0.1833319365978241,"z":7.246725082397461},"ballPossessed":false,"teamWithBall":"None","strategy":"NoStrategy","reward":0.0}