{"actionName":"Past GoToBall","action":"GoToBall","actionParameter":{"x":-0.1165395975112915,"y":1.6886682510375977,"z":-0.17480729520320893},"agentPosition":{"x":0.0,"y":0.10000000149011612,"z":12.0},"ballPosition":{"x":0.0,"y":1.0,"z":0.0},"teampos1":{"x":20.0,"y":0.10000000149011612,"z":-12.0},"teampos2":{"x":-20.0,"y":0.10000000149011612,"z":-12.0},"oppopos1":{"x":-20.0,"y":0.10000000149011612,"z":24.0},"oppopos2":{"x":20.0,"y":0.10000000149011612,"z":24.0},"oppopos3":{"x":0.0,"y":0.10000000149011612,"z":24.0},"ballPossessed":false,"teamWithBall":"None","strategy":"1","reward":0.0}#SAVE-VALUE#{"actionName":"Past Move","action":"Move","actionParameter":{"x":-20.161396026611329,"y":-8.74113879945071e-7,"z":8.332599639892579},"agentPosition":{"x":-19.069589614868165,"y":0.16090187430381776,"z":-11.484192848205567},"ballPosition":{"x":1.5922849705418685e-9,"y":0.7199999690055847,"z":4.744698500758204e-8},"teampos1":{"x":0.0,"y":0.16197247803211213,"z":-10.936040878295899},"teampos2":{"x":19.069589614868165,"y":0.16090187430381776,"z":-11.484192848205567},"oppopos1":{"x":-18.99500274658203,"y":0.1833319365978241,"z":23.651132583618165},"oppopos2":{"x":18.99500274658203,"y":0.1833319365978241,"z":23.651132583618165},"oppopos3":{"x":0.0,"y":0.1833319365978241,"z":22.936046600341798},"ballPossessed":false,"teamWithBall":"None","strategy":"1","reward":0.0}