{"actionName":"Past Move","action":"Move","actionParameter":{"x":-7.244871616363525,"y":2.4042313384597949e-7,"z":-1.016815423965454},"agentPosition":{"x":-4.343207836151123,"y":0.16272853314876557,"z":-10.548942565917969},"ballPosition":{"x":0.0,"y":0.7199999690055847,"z":9.52950145460818e-8},"teampos1":{"x":3.734527111053467,"y":0.16267473995685578,"z":-10.5764799118042},"teampos2":{"x":14.267413139343262,"y":0.16259264945983888,"z":-10.618515014648438},"oppopos1":{"x":-5.662858486175537,"y":0.1833319365978241,"z":23.52973175048828},"oppopos2":{"x":17.104536056518556,"y":0.1833319365978241,"z":21.00588607788086},"oppopos3":{"x":10.816563606262207,"y":0.1833319365978241,"z":8.324570655822754},"ballPossessed":false,"teamWithBall":"None","strategy":"NoStrategy","reward":0.0}