Label,Action,Action Paramater X,Action Paramater Y,Action Paramater Z,Agent Position X,Agent Position Y,Agent Position Z,Ball Position X,Ball Position Y,Ball Position Z,Teammate1 Position X,Teammate1 Position Y,Teammate1 Position Z,Teammat2 Position X,Teammat2 Position Y,Teammat2 Position Z,Opponent1 Position X,Opponent1 Position Y,Opponent1 Position Z,Opponent2 Position X,Opponent2 Position Y,Opponent2 Position Z,Opponent3 Position X,Opponent3 Position Y,Opponent3 Position Z,Ball Possessed,Team With Ball,Reward
Move,Move,-15.51434,2.069021E-06,-16.3562,-3.900937,0.1697724,-6.94247,0,0.72,1.103682E-07,2.514904,0.1694322,-7.116665,12.64852,0.1690182,-7.328621,-4.561393,0.1833319,26.91917,14.73556,0.1833319,23.80719,7.309774,0.1833319,7.246725,False,None,0
Past Move1,Move,-7.170759,-1.2074E-07,2.012841,-4.256075,0.1636088,-10.09823,0,0.72,1.103682E-07,3.581609,0.1635206,-10.1434,14.05781,0.1633908,-10.20986,-5.520912,0.1833319,23.96653,16.80796,0.1833319,21.35658,10.37755,0.1833319,8.189637,False,None,0
Past Move2,Move,15.72535,-9.074752E-08,1.761246,14.05781,0.1633908,-10.20986,0,0.72,1.103682E-07,3.581609,0.1635206,-10.1434,-4.256075,0.1636088,-10.09823,-5.520912,0.1833319,23.96653,16.80796,0.1833319,21.35658,10.37755,0.1833319,8.189637,False,None,0

